id,savings_product_id,savings_period_id,monthly_payment_id,post_tax_interest
1,1,1,1,
2,2,1,1,2958.0
3,3,1,1,
4,4,1,1,
5,5,1,1,
6,6,1,1,
7,7,1,1,
8,8,1,1,
9,9,1,1,
10,10,1,1,
11,11,1,1,4288.0
12,12,1,1,
13,13,1,1,
14,14,1,1,
15,15,1,1,
16,16,1,1,
17,17,1,1,
18,18,1,1,
19,19,1,1,
20,20,1,1,3990.0
21,21,1,1,
22,22,1,1,
23,23,1,1,
24,24,1,1,3710.0
25,25,1,1,4445.0
26,26,1,1,
27,27,1,1,
28,28,1,1,
29,29,1,1,3745.0
30,30,1,1,
31,31,1,1,4445.0
32,32,1,1,
33,33,1,1,8890.0
34,34,1,1,8890.0
35,35,1,1,8890.0
36,36,1,1,7403.0
37,37,1,1,7105.0
38,38,1,1,
39,39,1,1,6668.0
40,40,1,1,6668.0
41,41,1,1,6213.0
42,42,1,1,6213.0
43,43,1,1,5915.0
44,44,1,1,6073.0
45,45,1,1,
46,46,1,1,5915.0
47,47,1,1,
48,48,1,1,5915.0
49,49,1,1,5915.0
50,50,1,1,5915.0
51,51,1,1,5915.0
52,52,1,1,5915.0
53,53,1,1,5915.0
54,54,1,1,5915.0
55,55,1,1,5915.0
56,56,1,1,5915.0
57,57,1,1,5915.0
58,58,1,1,5915.0
59,59,1,1,5915.0
60,60,1,1,5915.0
61,61,1,1,5915.0
62,62,1,1,
63,63,1,1,5915.0
64,64,1,1,
65,65,1,1,5915.0
66,66,1,1,5915.0
67,67,1,1,5915.0
68,68,1,1,5915.0
69,69,2,1,
70,70,2,1,
71,71,2,1,
72,72,2,1,
73,5,2,1,
74,7,2,1,
75,6,2,1,
76,73,2,1,18135.0
77,8,2,1,
78,74,2,1,15405.0
79,75,2,1,
80,76,2,1,
81,16,2,1,
82,13,2,1,
83,77,2,1,
84,11,2,1,16510.0
85,78,2,1,
86,79,2,1,15405.0
87,80,2,1,17290.0
88,12,2,1,
89,81,2,1,
90,15,2,1,
91,82,2,1,19240.0
92,83,2,1,
93,84,2,1,
94,85,2,1,20345.0
95,86,2,1,18200.0
96,87,2,1,
97,88,2,1,18135.0
98,18,2,1,
99,23,2,1,
100,20,2,1,15405.0
101,17,2,1,
102,89,2,1,
103,21,2,1,
104,90,2,1,18980.0
105,91,2,1,
106,30,2,1,
107,92,2,1,
108,93,2,1,13780.0
109,19,2,1,
110,94,2,1,
111,25,2,1,18135.0
112,22,2,1,
113,27,2,1,
114,24,2,1,14300.0
115,26,2,1,
116,95,2,1,
117,28,2,1,
118,29,2,1,13455.0
119,96,2,1,
120,97,2,1,5525.0
121,98,2,1,5525.0
122,31,2,1,21970.0
123,99,2,1,20345.0
124,100,2,1,20345.0
125,101,2,1,21970.0
126,102,2,1,5525.0
127,103,2,1,21668.0
128,104,2,1,21970.0
129,105,2,1,21970.0
130,106,2,1,10985.0
131,107,2,1,22555.0
132,108,2,1,21970.0
133,109,2,1,21450.0
134,110,2,1,22555.0
135,111,2,1,22815.0
136,112,2,1,21970.0
137,113,2,1,5525.0
138,114,2,1,21970.0
139,115,2,1,21970.0
140,116,2,1,21970.0
141,117,2,1,22555.0
142,118,2,1,24765.0
143,119,2,1,22555.0
144,120,2,1,24765.0
145,121,2,1,24180.0
146,122,2,1,21970.0
147,123,2,1,24765.0
148,124,2,1,24765.0
149,125,2,1,27495.0
150,126,2,1,21970.0
151,127,2,1,21970.0
152,128,2,1,21970.0
153,129,2,1,
154,130,2,1,21970.0
155,131,2,1,21450.0
156,132,2,1,21970.0
157,133,2,1,25056.0
158,70,3,1,
159,72,3,1,
160,7,3,1,
161,73,3,1,70750.0
162,76,3,1,
163,77,3,1,
164,13,3,1,
165,11,3,1,65500.0
166,80,3,1,68750.0
167,12,3,1,
168,78,3,1,
169,81,3,1,
170,79,3,1,59250.0
171,15,3,1,
172,83,3,1,
173,87,3,1,
174,18,3,1,
175,86,3,1,67250.0
176,93,3,1,57000.0
177,17,3,1,
178,94,3,1,
179,23,3,1,
180,90,3,1,75000.0
181,92,3,1,
182,82,3,1,63500.0
183,30,3,1,
184,25,3,1,70750.0
185,24,3,1,57000.0
186,27,3,1,
187,19,3,1,
188,28,3,1,
189,89,3,1,
190,26,3,1,
191,22,3,1,
192,95,3,1,
193,29,3,1,48750.0
194,98,3,1,21250.0
195,102,3,1,21250.0
196,125,3,1,116250.0
197,113,3,1,21250.0
198,104,3,1,69750.0
199,134,3,1,93000.0
200,118,3,1,93000.0
201,119,3,1,84500.0
202,135,3,1,105750.0
203,128,3,1,82500.0
204,122,3,1,80250.0
205,136,3,1,88750.0
206,124,3,1,91000.0
207,137,3,1,101500.0
208,131,3,1,78250.0
209,121,3,1,86750.0
210,138,3,1,86750.0
211,139,3,1,86750.0
212,140,3,1,86750.0
213,110,3,1,67750.0
214,130,3,1,78250.0
215,141,3,1,86750.0
216,142,3,1,86750.0
217,143,3,1,86750.0
218,144,3,1,84500.0
219,145,3,1,84500.0
220,146,3,1,97250.0
221,147,3,1,84500.0
222,148,3,1,84500.0
223,149,3,1,86750.0
224,150,3,1,84500.0
225,151,3,1,86750.0
226,152,3,1,84500.0
227,153,3,1,97250.0
228,154,3,1,84500.0
229,155,3,1,84500.0
230,156,3,1,84500.0
231,157,3,1,84500.0
232,158,3,1,86750.0
233,159,3,1,83500.0
234,114,3,1,65500.0
235,160,3,1,88750.0
236,161,3,1,
237,162,3,1,82500.0
238,163,3,1,82500.0
239,7,4,1,
240,73,4,1,159840.0
241,76,4,1,
242,77,4,1,
243,11,4,1,150405.0
244,13,4,1,
245,80,4,1,157065.0
246,81,4,1,
247,78,4,1,
248,15,4,1,
249,79,4,1,131535.0
250,94,4,1,
251,93,4,1,131535.0
252,87,4,1,
253,83,4,1,
254,18,4,1,
255,82,4,1,154845.0
256,86,4,1,150405.0
257,23,4,1,
258,17,4,1,
259,90,4,1,166500.0
260,92,4,1,
261,30,4,1,
262,25,4,1,159840.0
263,24,4,1,131535.0
264,27,4,1,
265,28,4,1,
266,19,4,1,
267,89,4,1,
268,26,4,1,
269,22,4,1,
270,95,4,1,
271,29,4,1,109335.0
272,98,4,1,47175.0
273,125,4,1,258075.0
274,104,4,1,140970.0
275,164,4,1,234765.0
276,128,4,1,183150.0
277,118,4,1,202020.0
278,119,4,1,183150.0
279,122,4,1,178155.0
280,137,4,1,225330.0
281,141,4,1,197025.0
282,143,4,1,197025.0
283,149,4,1,197025.0
284,153,4,1,220890.0
285,139,4,1,192585.0
286,140,4,1,192585.0
287,110,4,1,150405.0
288,165,4,1,197025.0
289,142,4,1,192585.0
290,121,4,1,187590.0
291,162,4,1,187590.0
292,144,4,1,187590.0
293,163,4,1,187590.0
294,146,4,1,215895.0
295,147,4,1,187590.0
296,136,4,1,187590.0
297,166,4,1,187590.0
298,138,4,1,187590.0
299,124,4,1,192585.0
300,150,4,1,187590.0
301,152,4,1,187590.0
302,167,4,1,215895.0
303,155,4,1,187590.0
304,156,4,1,187590.0
305,157,4,1,187590.0
306,131,4,1,164280.0
307,158,4,1,192585.0
308,168,4,1,215895.0
309,159,4,1,185370.0
310,45,4,1,
311,47,4,1,
312,160,4,1,197025.0
313,161,4,1,
314,169,4,1,187590.0
315,170,4,1,187590.0
316,171,4,1,211455.0
317,172,4,1,183150.0
318,1,1,2,
319,2,1,2,5915.0
320,3,1,2,
321,4,1,2,
322,5,1,2,
323,6,1,2,
324,7,1,2,
325,8,1,2,
326,9,1,2,
327,10,1,2,
328,11,1,2,8575.0
329,12,1,2,
330,13,1,2,
331,14,1,2,
332,15,1,2,
333,16,1,2,
334,17,1,2,
335,18,1,2,
336,19,1,2,
337,20,1,2,7980.0
338,21,1,2,
339,22,1,2,
340,23,1,2,
341,24,1,2,7420.0
342,25,1,2,8890.0
343,26,1,2,
344,27,1,2,
345,28,1,2,
346,29,1,2,7490.0
347,30,1,2,
348,31,1,2,8890.0
349,32,1,2,
350,33,1,2,17780.0
351,34,1,2,17780.0
352,35,1,2,17780.0
353,36,1,2,14805.0
354,37,1,2,14210.0
355,38,1,2,
356,39,1,2,13335.0
357,40,1,2,13335.0
358,41,1,2,12425.0
359,42,1,2,12425.0
360,43,1,2,11830.0
361,44,1,2,12145.0
362,45,1,2,
363,46,1,2,11830.0
364,47,1,2,
365,48,1,2,11830.0
366,49,1,2,11830.0
367,50,1,2,11830.0
368,51,1,2,11830.0
369,52,1,2,11830.0
370,53,1,2,11830.0
371,54,1,2,11830.0
372,55,1,2,11830.0
373,56,1,2,11830.0
374,57,1,2,11830.0
375,58,1,2,11830.0
376,59,1,2,11830.0
377,60,1,2,11830.0
378,61,1,2,11830.0
379,62,1,2,
380,63,1,2,11830.0
381,64,1,2,
382,65,1,2,11830.0
383,66,1,2,11830.0
384,67,1,2,11830.0
385,68,1,2,11830.0
386,69,2,2,
387,70,2,2,
388,71,2,2,
389,72,2,2,
390,5,2,2,
391,7,2,2,
392,6,2,2,
393,73,2,2,36270.0
394,8,2,2,
395,74,2,2,30810.0
396,75,2,2,
397,76,2,2,
398,16,2,2,
399,13,2,2,
400,77,2,2,
401,11,2,2,33020.0
402,78,2,2,
403,79,2,2,30810.0
404,80,2,2,34580.0
405,12,2,2,
406,81,2,2,
407,15,2,2,
408,82,2,2,38480.0
409,83,2,2,
410,84,2,2,
411,85,2,2,40690.0
412,86,2,2,36400.0
413,87,2,2,
414,88,2,2,36270.0
415,18,2,2,
416,23,2,2,
417,20,2,2,30810.0
418,17,2,2,
419,89,2,2,
420,21,2,2,
421,90,2,2,37960.0
422,91,2,2,
423,30,2,2,
424,92,2,2,
425,93,2,2,27560.0
426,19,2,2,
427,94,2,2,
428,25,2,2,36270.0
429,22,2,2,
430,27,2,2,
431,24,2,2,28600.0
432,26,2,2,
433,95,2,2,
434,28,2,2,
435,29,2,2,26910.0
436,96,2,2,
437,97,2,2,11050.0
438,98,2,2,11050.0
439,31,2,2,43940.0
440,99,2,2,40690.0
441,100,2,2,40690.0
442,101,2,2,43940.0
443,102,2,2,11050.0
444,103,2,2,43336.0
445,104,2,2,43940.0
446,105,2,2,43940.0
447,106,2,2,21970.0
448,107,2,2,45110.0
449,108,2,2,43940.0
450,109,2,2,42900.0
451,110,2,2,45110.0
452,111,2,2,45630.0
453,112,2,2,43940.0
454,113,2,2,11050.0
455,114,2,2,43940.0
456,115,2,2,43940.0
457,116,2,2,43940.0
458,117,2,2,45110.0
459,118,2,2,49530.0
460,119,2,2,45110.0
461,120,2,2,49530.0
462,121,2,2,48360.0
463,122,2,2,43940.0
464,123,2,2,49530.0
465,124,2,2,49530.0
466,125,2,2,54990.0
467,126,2,2,43940.0
468,127,2,2,43940.0
469,128,2,2,43940.0
470,129,2,2,
471,130,2,2,43940.0
472,131,2,2,42900.0
473,132,2,2,43940.0
474,133,2,2,50111.0
475,70,3,2,
476,72,3,2,
477,7,3,2,
478,73,3,2,141500.0
479,76,3,2,
480,77,3,2,
481,13,3,2,
482,11,3,2,131000.0
483,80,3,2,137500.0
484,12,3,2,
485,78,3,2,
486,81,3,2,
487,79,3,2,118500.0
488,15,3,2,
489,83,3,2,
490,87,3,2,
491,18,3,2,
492,86,3,2,134500.0
493,93,3,2,114000.0
494,17,3,2,
495,94,3,2,
496,23,3,2,
497,90,3,2,150000.0
498,92,3,2,
499,82,3,2,127000.0
500,30,3,2,
501,25,3,2,141500.0
502,24,3,2,114000.0
503,27,3,2,
504,19,3,2,
505,28,3,2,
506,89,3,2,
507,26,3,2,
508,22,3,2,
509,95,3,2,
510,29,3,2,97500.0
511,98,3,2,42500.0
512,102,3,2,42500.0
513,125,3,2,232500.0
514,113,3,2,42500.0
515,104,3,2,139500.0
516,134,3,2,186000.0
517,118,3,2,186000.0
518,119,3,2,169000.0
519,135,3,2,211500.0
520,128,3,2,165000.0
521,122,3,2,160500.0
522,136,3,2,177500.0
523,124,3,2,182000.0
524,137,3,2,203000.0
525,131,3,2,156500.0
526,121,3,2,173500.0
527,138,3,2,173500.0
528,139,3,2,173500.0
529,140,3,2,173500.0
530,110,3,2,135500.0
531,130,3,2,156500.0
532,141,3,2,173500.0
533,142,3,2,173500.0
534,143,3,2,173500.0
535,144,3,2,169000.0
536,145,3,2,169000.0
537,146,3,2,194500.0
538,147,3,2,169000.0
539,148,3,2,169000.0
540,149,3,2,173500.0
541,150,3,2,169000.0
542,151,3,2,173500.0
543,152,3,2,169000.0
544,153,3,2,194500.0
545,154,3,2,169000.0
546,155,3,2,169000.0
547,156,3,2,169000.0
548,157,3,2,169000.0
549,158,3,2,173500.0
550,159,3,2,167000.0
551,114,3,2,131000.0
552,160,3,2,177500.0
553,161,3,2,
554,162,3,2,165000.0
555,163,3,2,165000.0
556,7,4,2,
557,73,4,2,319680.0
558,76,4,2,
559,77,4,2,
560,11,4,2,300810.0
561,13,4,2,
562,80,4,2,314130.0
563,81,4,2,
564,78,4,2,
565,15,4,2,
566,79,4,2,263070.0
567,94,4,2,
568,93,4,2,263070.0
569,87,4,2,
570,83,4,2,
571,18,4,2,
572,82,4,2,309690.0
573,86,4,2,300810.0
574,23,4,2,
575,17,4,2,
576,90,4,2,333000.0
577,92,4,2,
578,30,4,2,
579,25,4,2,319680.0
580,24,4,2,263070.0
581,27,4,2,
582,28,4,2,
583,19,4,2,
584,89,4,2,
585,26,4,2,
586,22,4,2,
587,95,4,2,
588,29,4,2,218670.0
589,98,4,2,94350.0
590,125,4,2,516150.0
591,104,4,2,281940.0
592,164,4,2,469530.0
593,128,4,2,366300.0
594,118,4,2,404040.0
595,119,4,2,366300.0
596,122,4,2,356310.0
597,137,4,2,450660.0
598,141,4,2,394050.0
599,143,4,2,394050.0
600,149,4,2,394050.0
601,153,4,2,441780.0
602,139,4,2,385170.0
603,140,4,2,385170.0
604,110,4,2,300810.0
605,165,4,2,394050.0
606,142,4,2,385170.0
607,121,4,2,375180.0
608,162,4,2,375180.0
609,144,4,2,375180.0
610,163,4,2,375180.0
611,146,4,2,431790.0
612,147,4,2,375180.0
613,136,4,2,375180.0
614,166,4,2,375180.0
615,138,4,2,375180.0
616,124,4,2,385170.0
617,150,4,2,375180.0
618,152,4,2,375180.0
619,167,4,2,431790.0
620,155,4,2,375180.0
621,156,4,2,375180.0
622,157,4,2,375180.0
623,131,4,2,328560.0
624,158,4,2,385170.0
625,168,4,2,431790.0
626,159,4,2,370740.0
627,45,4,2,
628,47,4,2,
629,160,4,2,394050.0
630,161,4,2,
631,169,4,2,375180.0
632,170,4,2,375180.0
633,171,4,2,422910.0
634,172,4,2,366300.0
635,1,1,3,
636,2,1,3,8873.0
637,3,1,3,
638,4,1,3,
639,5,1,3,
640,6,1,3,
641,7,1,3,
642,8,1,3,
643,9,1,3,
644,10,1,3,
645,11,1,3,12863.0
646,12,1,3,
647,13,1,3,
648,14,1,3,
649,15,1,3,
650,16,1,3,
651,17,1,3,
652,18,1,3,
653,19,1,3,
654,20,1,3,11970.0
655,21,1,3,
656,22,1,3,
657,23,1,3,
658,24,1,3,11130.0
659,25,1,3,13335.0
660,26,1,3,
661,27,1,3,
662,28,1,3,
663,29,1,3,11235.0
664,30,1,3,
665,31,1,3,13335.0
666,32,1,3,
667,33,1,3,26670.0
668,34,1,3,26670.0
669,35,1,3,26670.0
670,36,1,3,22208.0
671,37,1,3,21315.0
672,38,1,3,
673,39,1,3,20003.0
674,40,1,3,20003.0
675,41,1,3,18638.0
676,42,1,3,18638.0
677,43,1,3,17745.0
678,44,1,3,18218.0
679,45,1,3,
680,46,1,3,17745.0
681,47,1,3,
682,48,1,3,17745.0
683,49,1,3,17745.0
684,50,1,3,17745.0
685,51,1,3,17745.0
686,52,1,3,17745.0
687,53,1,3,17745.0
688,54,1,3,17745.0
689,55,1,3,17745.0
690,56,1,3,17745.0
691,57,1,3,17745.0
692,58,1,3,17745.0
693,59,1,3,17745.0
694,60,1,3,17745.0
695,61,1,3,17745.0
696,62,1,3,
697,63,1,3,17745.0
698,64,1,3,
699,65,1,3,17745.0
700,66,1,3,17745.0
701,67,1,3,17745.0
702,68,1,3,17745.0
703,69,2,3,
704,70,2,3,
705,71,2,3,
706,72,2,3,
707,5,2,3,
708,7,2,3,
709,6,2,3,
710,73,2,3,54405.0
711,8,2,3,
712,74,2,3,46215.0
713,75,2,3,
714,76,2,3,
715,16,2,3,
716,13,2,3,
717,77,2,3,
718,11,2,3,49530.0
719,78,2,3,
720,79,2,3,46215.0
721,80,2,3,51870.0
722,12,2,3,
723,81,2,3,
724,15,2,3,
725,82,2,3,57720.0
726,83,2,3,
727,84,2,3,
728,85,2,3,61035.0
729,86,2,3,54600.0
730,87,2,3,
731,88,2,3,54405.0
732,18,2,3,
733,23,2,3,
734,20,2,3,46215.0
735,17,2,3,
736,89,2,3,
737,21,2,3,
738,90,2,3,56940.0
739,91,2,3,
740,30,2,3,
741,92,2,3,
742,93,2,3,41340.0
743,19,2,3,
744,94,2,3,
745,25,2,3,54405.0
746,22,2,3,
747,27,2,3,
748,24,2,3,42900.0
749,26,2,3,
750,95,2,3,
751,28,2,3,
752,29,2,3,40365.0
753,96,2,3,
754,97,2,3,16575.0
755,98,2,3,16575.0
756,31,2,3,65910.0
757,99,2,3,61035.0
758,100,2,3,61035.0
759,101,2,3,65910.0
760,102,2,3,16575.0
761,103,2,3,65003.0
762,104,2,3,65910.0
763,105,2,3,65910.0
764,106,2,3,32955.0
765,107,2,3,67665.0
766,108,2,3,65910.0
767,109,2,3,64350.0
768,110,2,3,67665.0
769,111,2,3,68445.0
770,112,2,3,65910.0
771,113,2,3,16575.0
772,114,2,3,65910.0
773,115,2,3,65910.0
774,116,2,3,65910.0
775,117,2,3,67665.0
776,118,2,3,74295.0
777,119,2,3,67665.0
778,120,2,3,74295.0
779,121,2,3,72540.0
780,122,2,3,65910.0
781,123,2,3,74295.0
782,124,2,3,74295.0
783,125,2,3,82485.0
784,126,2,3,65910.0
785,127,2,3,65910.0
786,128,2,3,65910.0
787,129,2,3,
788,130,2,3,65910.0
789,131,2,3,64350.0
790,132,2,3,65910.0
791,133,2,3,75167.0
792,70,3,3,
793,72,3,3,
794,7,3,3,
795,73,3,3,212250.0
796,76,3,3,
797,77,3,3,
798,13,3,3,
799,11,3,3,196500.0
800,80,3,3,206250.0
801,12,3,3,
802,78,3,3,
803,81,3,3,
804,79,3,3,177750.0
805,15,3,3,
806,83,3,3,
807,87,3,3,
808,18,3,3,
809,86,3,3,201750.0
810,93,3,3,171000.0
811,17,3,3,
812,94,3,3,
813,23,3,3,
814,90,3,3,225000.0
815,92,3,3,
816,82,3,3,190500.0
817,30,3,3,
818,25,3,3,212250.0
819,24,3,3,171000.0
820,27,3,3,
821,19,3,3,
822,28,3,3,
823,89,3,3,
824,26,3,3,
825,22,3,3,
826,95,3,3,
827,29,3,3,146250.0
828,98,3,3,63750.0
829,102,3,3,63750.0
830,125,3,3,348750.0
831,113,3,3,63750.0
832,104,3,3,209250.0
833,134,3,3,279000.0
834,118,3,3,279000.0
835,119,3,3,253500.0
836,135,3,3,317250.0
837,128,3,3,247500.0
838,122,3,3,240750.0
839,136,3,3,266250.0
840,124,3,3,273000.0
841,137,3,3,304500.0
842,131,3,3,234750.0
843,121,3,3,260250.0
844,138,3,3,260250.0
845,139,3,3,260250.0
846,140,3,3,260250.0
847,110,3,3,203250.0
848,130,3,3,234750.0
849,141,3,3,260250.0
850,142,3,3,260250.0
851,143,3,3,260250.0
852,144,3,3,253500.0
853,145,3,3,253500.0
854,146,3,3,291750.0
855,147,3,3,253500.0
856,148,3,3,253500.0
857,149,3,3,260250.0
858,150,3,3,253500.0
859,151,3,3,260250.0
860,152,3,3,253500.0
861,153,3,3,291750.0
862,154,3,3,253500.0
863,155,3,3,253500.0
864,156,3,3,253500.0
865,157,3,3,253500.0
866,158,3,3,260250.0
867,159,3,3,250500.0
868,114,3,3,196500.0
869,160,3,3,266250.0
870,161,3,3,
871,162,3,3,247500.0
872,163,3,3,247500.0
873,7,4,3,
874,73,4,3,479520.0
875,76,4,3,
876,77,4,3,
877,11,4,3,451215.0
878,13,4,3,
879,80,4,3,471195.0
880,81,4,3,
881,78,4,3,
882,15,4,3,
883,79,4,3,394605.0
884,94,4,3,
885,93,4,3,394605.0
886,87,4,3,
887,83,4,3,
888,18,4,3,
889,82,4,3,464535.0
890,86,4,3,451215.0
891,23,4,3,
892,17,4,3,
893,90,4,3,499500.0
894,92,4,3,
895,30,4,3,
896,25,4,3,479520.0
897,24,4,3,394605.0
898,27,4,3,
899,28,4,3,
900,19,4,3,
901,89,4,3,
902,26,4,3,
903,22,4,3,
904,95,4,3,
905,29,4,3,328005.0
906,98,4,3,141525.0
907,125,4,3,774225.0
908,104,4,3,422910.0
909,164,4,3,704295.0
910,128,4,3,549450.0
911,118,4,3,606060.0
912,119,4,3,549450.0
913,122,4,3,534465.0
914,137,4,3,675990.0
915,141,4,3,591075.0
916,143,4,3,591075.0
917,149,4,3,591075.0
918,153,4,3,662670.0
919,139,4,3,577755.0
920,140,4,3,577755.0
921,110,4,3,451215.0
922,165,4,3,591075.0
923,142,4,3,577755.0
924,121,4,3,562770.0
925,162,4,3,562770.0
926,144,4,3,562770.0
927,163,4,3,562770.0
928,146,4,3,647685.0
929,147,4,3,562770.0
930,136,4,3,562770.0
931,166,4,3,562770.0
932,138,4,3,562770.0
933,124,4,3,577755.0
934,150,4,3,562770.0
935,152,4,3,562770.0
936,167,4,3,647685.0
937,155,4,3,562770.0
938,156,4,3,562770.0
939,157,4,3,562770.0
940,131,4,3,492840.0
941,158,4,3,577755.0
942,168,4,3,647685.0
943,159,4,3,556110.0
944,45,4,3,
945,47,4,3,
946,160,4,3,591075.0
947,161,4,3,
948,169,4,3,562770.0
949,170,4,3,562770.0
950,171,4,3,634365.0
951,172,4,3,549450.0
952,1,1,4,
953,2,1,4,14788.0
954,3,1,4,
955,4,1,4,
956,5,1,4,
957,6,1,4,
958,7,1,4,
959,8,1,4,
960,9,1,4,
961,10,1,4,
962,11,1,4,21438.0
963,12,1,4,
964,13,1,4,
965,14,1,4,
966,15,1,4,
967,16,1,4,
968,17,1,4,
969,18,1,4,
970,19,1,4,
971,20,1,4,19950.0
972,21,1,4,
973,22,1,4,
974,23,1,4,
975,24,1,4,18550.0
976,25,1,4,22225.0
977,26,1,4,
978,27,1,4,
979,28,1,4,
980,29,1,4,18725.0
981,30,1,4,
982,31,1,4,22225.0
983,32,1,4,
984,33,1,4,44450.0
985,34,1,4,44450.0
986,35,1,4,44450.0
987,36,1,4,37013.0
988,37,1,4,35525.0
989,38,1,4,
990,39,1,4,33338.0
991,40,1,4,33338.0
992,41,1,4,31063.0
993,42,1,4,31063.0
994,43,1,4,29575.0
995,44,1,4,30363.0
996,45,1,4,
997,46,1,4,29575.0
998,47,1,4,
999,48,1,4,29575.0
1000,49,1,4,29575.0
1001,50,1,4,29575.0
1002,51,1,4,29575.0
1003,52,1,4,29575.0
1004,53,1,4,29575.0
1005,54,1,4,29575.0
1006,55,1,4,29575.0
1007,56,1,4,29575.0
1008,57,1,4,29575.0
1009,58,1,4,29575.0
1010,59,1,4,29575.0
1011,60,1,4,29575.0
1012,61,1,4,29575.0
1013,62,1,4,
1014,63,1,4,29575.0
1015,64,1,4,
1016,65,1,4,29575.0
1017,66,1,4,29575.0
1018,67,1,4,29575.0
1019,68,1,4,29575.0
1020,69,2,4,
1021,70,2,4,
1022,71,2,4,
1023,72,2,4,
1024,5,2,4,
1025,7,2,4,
1026,6,2,4,
1027,73,2,4,90675.0
1028,8,2,4,
1029,74,2,4,77025.0
1030,75,2,4,
1031,76,2,4,
1032,16,2,4,
1033,13,2,4,
1034,77,2,4,
1035,11,2,4,82550.0
1036,78,2,4,
1037,79,2,4,77025.0
1038,80,2,4,86450.0
1039,12,2,4,
1040,81,2,4,
1041,15,2,4,
1042,82,2,4,96200.0
1043,83,2,4,
1044,84,2,4,
1045,85,2,4,101725.0
1046,86,2,4,91000.0
1047,87,2,4,
1048,88,2,4,90675.0
1049,18,2,4,
1050,23,2,4,
1051,20,2,4,77025.0
1052,17,2,4,
1053,89,2,4,
1054,21,2,4,
1055,90,2,4,94900.0
1056,91,2,4,
1057,30,2,4,
1058,92,2,4,
1059,93,2,4,68900.0
1060,19,2,4,
1061,94,2,4,
1062,25,2,4,90675.0
1063,22,2,4,
1064,27,2,4,
1065,24,2,4,71500.0
1066,26,2,4,
1067,95,2,4,
1068,28,2,4,
1069,29,2,4,67275.0
1070,96,2,4,
1071,97,2,4,27625.0
1072,98,2,4,27625.0
1073,31,2,4,109850.0
1074,99,2,4,101725.0
1075,100,2,4,101725.0
1076,101,2,4,109850.0
1077,102,2,4,27625.0
1078,103,2,4,108339.0
1079,104,2,4,109850.0
1080,105,2,4,109850.0
1081,106,2,4,54925.0
1082,107,2,4,112775.0
1083,108,2,4,109850.0
1084,109,2,4,107250.0
1085,110,2,4,112775.0
1086,111,2,4,114075.0
1087,112,2,4,109850.0
1088,113,2,4,27625.0
1089,114,2,4,109850.0
1090,115,2,4,109850.0
1091,116,2,4,109850.0
1092,117,2,4,112775.0
1093,118,2,4,123825.0
1094,119,2,4,112775.0
1095,120,2,4,123825.0
1096,121,2,4,120900.0
1097,122,2,4,109850.0
1098,123,2,4,123825.0
1099,124,2,4,123825.0
1100,125,2,4,137475.0
1101,126,2,4,109850.0
1102,127,2,4,109850.0
1103,128,2,4,109850.0
1104,129,2,4,
1105,130,2,4,109850.0
1106,131,2,4,107250.0
1107,132,2,4,109850.0
1108,133,2,4,125278.0
1109,70,3,4,
1110,72,3,4,
1111,7,3,4,
1112,73,3,4,353750.0
1113,76,3,4,
1114,77,3,4,
1115,13,3,4,
1116,11,3,4,327500.0
1117,80,3,4,343750.0
1118,12,3,4,
1119,78,3,4,
1120,81,3,4,
1121,79,3,4,296250.0
1122,15,3,4,
1123,83,3,4,
1124,87,3,4,
1125,18,3,4,
1126,86,3,4,336250.0
1127,93,3,4,285000.0
1128,17,3,4,
1129,94,3,4,
1130,23,3,4,
1131,90,3,4,375000.0
1132,92,3,4,
1133,82,3,4,317500.0
1134,30,3,4,
1135,25,3,4,353750.0
1136,24,3,4,285000.0
1137,27,3,4,
1138,19,3,4,
1139,28,3,4,
1140,89,3,4,
1141,26,3,4,
1142,22,3,4,
1143,95,3,4,
1144,29,3,4,243750.0
1145,98,3,4,106250.0
1146,102,3,4,106250.0
1147,125,3,4,581250.0
1148,113,3,4,106250.0
1149,104,3,4,348750.0
1150,134,3,4,465000.0
1151,118,3,4,465000.0
1152,119,3,4,422500.0
1153,135,3,4,528750.0
1154,128,3,4,412500.0
1155,122,3,4,401250.0
1156,136,3,4,443750.0
1157,124,3,4,455000.0
1158,137,3,4,507500.0
1159,131,3,4,391250.0
1160,121,3,4,433750.0
1161,138,3,4,433750.0
1162,139,3,4,433750.0
1163,140,3,4,433750.0
1164,110,3,4,338750.0
1165,130,3,4,391250.0
1166,141,3,4,433750.0
1167,142,3,4,433750.0
1168,143,3,4,433750.0
1169,144,3,4,422500.0
1170,145,3,4,422500.0
1171,146,3,4,486250.0
1172,147,3,4,422500.0
1173,148,3,4,422500.0
1174,149,3,4,433750.0
1175,150,3,4,422500.0
1176,151,3,4,433750.0
1177,152,3,4,422500.0
1178,153,3,4,486250.0
1179,154,3,4,422500.0
1180,155,3,4,422500.0
1181,156,3,4,422500.0
1182,157,3,4,422500.0
1183,158,3,4,433750.0
1184,159,3,4,417500.0
1185,114,3,4,327500.0
1186,160,3,4,443750.0
1187,161,3,4,
1188,162,3,4,412500.0
1189,163,3,4,412500.0
1190,7,4,4,
1191,73,4,4,799200.0
1192,76,4,4,
1193,77,4,4,
1194,11,4,4,752025.0
1195,13,4,4,
1196,80,4,4,785325.0
1197,81,4,4,
1198,78,4,4,
1199,15,4,4,
1200,79,4,4,657675.0
1201,94,4,4,
1202,93,4,4,657675.0
1203,87,4,4,
1204,83,4,4,
1205,18,4,4,
1206,82,4,4,774225.0
1207,86,4,4,752025.0
1208,23,4,4,
1209,17,4,4,
1210,90,4,4,832500.0
1211,92,4,4,
1212,30,4,4,
1213,25,4,4,799200.0
1214,24,4,4,657675.0
1215,27,4,4,
1216,28,4,4,
1217,19,4,4,
1218,89,4,4,
1219,26,4,4,
1220,22,4,4,
1221,95,4,4,
1222,29,4,4,546675.0
1223,98,4,4,235875.0
1224,125,4,4,1290375.0
1225,104,4,4,704850.0
1226,164,4,4,1173825.0
1227,128,4,4,915750.0
1228,118,4,4,1010100.0
1229,119,4,4,915750.0
1230,122,4,4,890775.0
1231,137,4,4,1126650.0
1232,141,4,4,985125.0
1233,143,4,4,985125.0
1234,149,4,4,985125.0
1235,153,4,4,1104450.0
1236,139,4,4,962925.0
1237,140,4,4,962925.0
1238,110,4,4,752025.0
1239,165,4,4,985125.0
1240,142,4,4,962925.0
1241,121,4,4,937950.0
1242,162,4,4,937950.0
1243,144,4,4,937950.0
1244,163,4,4,937950.0
1245,146,4,4,1079475.0
1246,147,4,4,937950.0
1247,136,4,4,937950.0
1248,166,4,4,937950.0
1249,138,4,4,937950.0
1250,124,4,4,962925.0
1251,150,4,4,937950.0
1252,152,4,4,937950.0
1253,167,4,4,1079475.0
1254,155,4,4,937950.0
1255,156,4,4,937950.0
1256,157,4,4,937950.0
1257,131,4,4,821400.0
1258,158,4,4,962925.0
1259,168,4,4,1079475.0
1260,159,4,4,926850.0
1261,45,4,4,
1262,47,4,4,
1263,160,4,4,985125.0
1264,161,4,4,
1265,169,4,4,937950.0
1266,170,4,4,937950.0
1267,171,4,4,1057275.0
1268,172,4,4,915750.0
1269,1,1,5,
1270,2,1,5,29575.0
1271,3,1,5,
1272,4,1,5,
1273,5,1,5,
1274,6,1,5,
1275,7,1,5,
1276,8,1,5,
1277,9,1,5,
1278,10,1,5,
1279,11,1,5,42875.0
1280,12,1,5,
1281,13,1,5,
1282,14,1,5,
1283,15,1,5,
1284,16,1,5,
1285,17,1,5,
1286,18,1,5,
1287,19,1,5,
1288,20,1,5,39900.0
1289,21,1,5,
1290,22,1,5,
1291,23,1,5,
1292,24,1,5,37100.0
1293,25,1,5,44450.0
1294,26,1,5,
1295,27,1,5,
1296,28,1,5,
1297,29,1,5,37450.0
1298,30,1,5,
1299,31,1,5,44450.0
1300,32,1,5,
1301,33,1,5,88900.0
1302,34,1,5,88900.0
1303,35,1,5,88900.0
1304,36,1,5,74025.0
1305,37,1,5,71050.0
1306,38,1,5,
1307,39,1,5,66675.0
1308,40,1,5,66675.0
1309,41,1,5,62125.0
1310,42,1,5,62125.0
1311,43,1,5,59150.0
1312,44,1,5,60725.0
1313,45,1,5,
1314,46,1,5,59150.0
1315,47,1,5,
1316,48,1,5,59150.0
1317,49,1,5,59150.0
1318,50,1,5,59150.0
1319,51,1,5,59150.0
1320,52,1,5,59150.0
1321,53,1,5,59150.0
1322,54,1,5,59150.0
1323,55,1,5,59150.0
1324,56,1,5,59150.0
1325,57,1,5,59150.0
1326,58,1,5,59150.0
1327,59,1,5,59150.0
1328,60,1,5,59150.0
1329,61,1,5,59150.0
1330,62,1,5,
1331,63,1,5,59150.0
1332,64,1,5,
1333,65,1,5,59150.0
1334,66,1,5,59150.0
1335,67,1,5,59150.0
1336,68,1,5,59150.0
1337,69,2,5,
1338,70,2,5,
1339,71,2,5,
1340,72,2,5,
1341,5,2,5,
1342,7,2,5,
1343,6,2,5,
1344,73,2,5,181350.0
1345,8,2,5,
1346,74,2,5,154050.0
1347,75,2,5,
1348,76,2,5,
1349,16,2,5,
1350,13,2,5,
1351,77,2,5,
1352,11,2,5,165100.0
1353,78,2,5,
1354,79,2,5,154050.0
1355,80,2,5,172900.0
1356,12,2,5,
1357,81,2,5,
1358,15,2,5,
1359,82,2,5,192400.0
1360,83,2,5,
1361,84,2,5,
1362,85,2,5,203450.0
1363,86,2,5,182000.0
1364,87,2,5,
1365,88,2,5,181350.0
1366,18,2,5,
1367,23,2,5,
1368,20,2,5,154050.0
1369,17,2,5,
1370,89,2,5,
1371,21,2,5,
1372,90,2,5,189800.0
1373,91,2,5,
1374,30,2,5,
1375,92,2,5,
1376,93,2,5,137800.0
1377,19,2,5,
1378,94,2,5,
1379,25,2,5,181350.0
1380,22,2,5,
1381,27,2,5,
1382,24,2,5,143000.0
1383,26,2,5,
1384,95,2,5,
1385,28,2,5,
1386,29,2,5,134550.0
1387,96,2,5,
1388,97,2,5,55250.0
1389,98,2,5,55250.0
1390,31,2,5,219700.0
1391,99,2,5,203450.0
1392,100,2,5,203450.0
1393,101,2,5,219700.0
1394,102,2,5,55250.0
1395,103,2,5,216678.0
1396,104,2,5,219700.0
1397,105,2,5,219700.0
1398,106,2,5,109850.0
1399,107,2,5,225550.0
1400,108,2,5,219700.0
1401,109,2,5,214500.0
1402,110,2,5,225550.0
1403,111,2,5,228150.0
1404,112,2,5,219700.0
1405,113,2,5,55250.0
1406,114,2,5,219700.0
1407,115,2,5,219700.0
1408,116,2,5,219700.0
1409,117,2,5,225550.0
1410,118,2,5,247650.0
1411,119,2,5,225550.0
1412,120,2,5,247650.0
1413,121,2,5,241800.0
1414,122,2,5,219700.0
1415,123,2,5,247650.0
1416,124,2,5,247650.0
1417,125,2,5,274950.0
1418,126,2,5,219700.0
1419,127,2,5,219700.0
1420,128,2,5,219700.0
1421,129,2,5,
1422,130,2,5,219700.0
1423,131,2,5,214500.0
1424,132,2,5,219700.0
1425,133,2,5,250556.0
1426,70,3,5,
1427,72,3,5,
1428,7,3,5,
1429,73,3,5,707500.0
1430,76,3,5,
1431,77,3,5,
1432,13,3,5,
1433,11,3,5,655000.0
1434,80,3,5,687500.0
1435,12,3,5,
1436,78,3,5,
1437,81,3,5,
1438,79,3,5,592500.0
1439,15,3,5,
1440,83,3,5,
1441,87,3,5,
1442,18,3,5,
1443,86,3,5,672500.0
1444,93,3,5,570000.0
1445,17,3,5,
1446,94,3,5,
1447,23,3,5,
1448,90,3,5,750000.0
1449,92,3,5,
1450,82,3,5,635000.0
1451,30,3,5,
1452,25,3,5,707500.0
1453,24,3,5,570000.0
1454,27,3,5,
1455,19,3,5,
1456,28,3,5,
1457,89,3,5,
1458,26,3,5,
1459,22,3,5,
1460,95,3,5,
1461,29,3,5,487500.0
1462,98,3,5,212500.0
1463,102,3,5,212500.0
1464,125,3,5,1162500.0
1465,113,3,5,212500.0
1466,104,3,5,697500.0
1467,134,3,5,930000.0
1468,118,3,5,930000.0
1469,119,3,5,845000.0
1470,135,3,5,1057500.0
1471,128,3,5,825000.0
1472,122,3,5,802500.0
1473,136,3,5,887500.0
1474,124,3,5,910000.0
1475,137,3,5,1015000.0
1476,131,3,5,782500.0
1477,121,3,5,867500.0
1478,138,3,5,867500.0
1479,139,3,5,867500.0
1480,140,3,5,867500.0
1481,110,3,5,677500.0
1482,130,3,5,782500.0
1483,141,3,5,867500.0
1484,142,3,5,867500.0
1485,143,3,5,867500.0
1486,144,3,5,845000.0
1487,145,3,5,845000.0
1488,146,3,5,972500.0
1489,147,3,5,845000.0
1490,148,3,5,845000.0
1491,149,3,5,867500.0
1492,150,3,5,845000.0
1493,151,3,5,867500.0
1494,152,3,5,845000.0
1495,153,3,5,972500.0
1496,154,3,5,845000.0
1497,155,3,5,845000.0
1498,156,3,5,845000.0
1499,157,3,5,845000.0
1500,158,3,5,867500.0
1501,159,3,5,835000.0
1502,114,3,5,655000.0
1503,160,3,5,887500.0
1504,161,3,5,
1505,162,3,5,825000.0
1506,163,3,5,825000.0
1507,7,4,5,
1508,73,4,5,1598400.0
1509,76,4,5,
1510,77,4,5,
1511,11,4,5,1504050.0
1512,13,4,5,
1513,80,4,5,1570650.0
1514,81,4,5,
1515,78,4,5,
1516,15,4,5,
1517,79,4,5,1315350.0
1518,94,4,5,
1519,93,4,5,1315350.0
1520,87,4,5,
1521,83,4,5,
1522,18,4,5,
1523,82,4,5,1548450.0
1524,86,4,5,1504050.0
1525,23,4,5,
1526,17,4,5,
1527,90,4,5,1665000.0
1528,92,4,5,
1529,30,4,5,
1530,25,4,5,1598400.0
1531,24,4,5,1315350.0
1532,27,4,5,
1533,28,4,5,
1534,19,4,5,
1535,89,4,5,
1536,26,4,5,
1537,22,4,5,
1538,95,4,5,
1539,29,4,5,1093350.0
1540,98,4,5,471750.0
1541,125,4,5,2580750.0
1542,104,4,5,1409700.0
1543,164,4,5,2347650.0
1544,128,4,5,1831500.0
1545,118,4,5,2020200.0
1546,119,4,5,1831500.0
1547,122,4,5,1781550.0
1548,137,4,5,2253300.0
1549,141,4,5,1970250.0
1550,143,4,5,1970250.0
1551,149,4,5,1970250.0
1552,153,4,5,2208900.0
1553,139,4,5,1925850.0
1554,140,4,5,1925850.0
1555,110,4,5,1504050.0
1556,165,4,5,1970250.0
1557,142,4,5,1925850.0
1558,121,4,5,1875900.0
1559,162,4,5,1875900.0
1560,144,4,5,1875900.0
1561,163,4,5,1875900.0
1562,146,4,5,2158950.0
1563,147,4,5,1875900.0
1564,136,4,5,1875900.0
1565,166,4,5,1875900.0
1566,138,4,5,1875900.0
1567,124,4,5,1925850.0
1568,150,4,5,1875900.0
1569,152,4,5,1875900.0
1570,167,4,5,2158950.0
1571,155,4,5,1875900.0
1572,156,4,5,1875900.0
1573,157,4,5,1875900.0
1574,131,4,5,1642800.0
1575,158,4,5,1925850.0
1576,168,4,5,2158950.0
1577,159,4,5,1853700.0
1578,45,4,5,
1579,47,4,5,
1580,160,4,5,1970250.0
1581,161,4,5,
1582,169,4,5,1875900.0
1583,170,4,5,1875900.0
1584,171,4,5,2114550.0
1585,172,4,5,1831500.0
1586,1,1,6,
1587,2,1,6,44363.0
1588,3,1,6,
1589,4,1,6,
1590,5,1,6,
1591,6,1,6,
1592,7,1,6,
1593,8,1,6,
1594,9,1,6,
1595,10,1,6,
1596,11,1,6,64313.0
1597,12,1,6,
1598,13,1,6,
1599,14,1,6,
1600,15,1,6,
1601,16,1,6,
1602,17,1,6,
1603,18,1,6,
1604,19,1,6,
1605,20,1,6,59850.0
1606,21,1,6,
1607,22,1,6,
1608,23,1,6,
1609,24,1,6,55650.0
1610,25,1,6,66675.0
1611,26,1,6,
1612,27,1,6,
1613,28,1,6,
1614,29,1,6,56175.0
1615,30,1,6,
1616,31,1,6,66675.0
1617,32,1,6,
1618,33,1,6,133350.0
1619,34,1,6,133350.0
1620,35,1,6,133350.0
1621,36,1,6,111038.0
1622,37,1,6,106575.0
1623,38,1,6,
1624,39,1,6,100013.0
1625,40,1,6,100013.0
1626,41,1,6,93188.0
1627,42,1,6,93188.0
1628,43,1,6,88725.0
1629,44,1,6,91088.0
1630,45,1,6,
1631,46,1,6,88725.0
1632,47,1,6,
1633,48,1,6,88725.0
1634,49,1,6,88725.0
1635,50,1,6,88725.0
1636,51,1,6,88725.0
1637,52,1,6,88725.0
1638,53,1,6,88725.0
1639,54,1,6,88725.0
1640,55,1,6,88725.0
1641,56,1,6,88725.0
1642,57,1,6,88725.0
1643,58,1,6,88725.0
1644,59,1,6,88725.0
1645,60,1,6,88725.0
1646,61,1,6,88725.0
1647,62,1,6,
1648,63,1,6,88725.0
1649,64,1,6,
1650,65,1,6,88725.0
1651,66,1,6,88725.0
1652,67,1,6,88725.0
1653,68,1,6,88725.0
1654,69,2,6,
1655,70,2,6,
1656,71,2,6,
1657,72,2,6,
1658,5,2,6,
1659,7,2,6,
1660,6,2,6,
1661,73,2,6,272025.0
1662,8,2,6,
1663,74,2,6,231075.0
1664,75,2,6,
1665,76,2,6,
1666,16,2,6,
1667,13,2,6,
1668,77,2,6,
1669,11,2,6,247650.0
1670,78,2,6,
1671,79,2,6,231075.0
1672,80,2,6,259350.0
1673,12,2,6,
1674,81,2,6,
1675,15,2,6,
1676,82,2,6,288600.0
1677,83,2,6,
1678,84,2,6,
1679,85,2,6,305175.0
1680,86,2,6,273000.0
1681,87,2,6,
1682,88,2,6,272025.0
1683,18,2,6,
1684,23,2,6,
1685,20,2,6,231075.0
1686,17,2,6,
1687,89,2,6,
1688,21,2,6,
1689,90,2,6,284700.0
1690,91,2,6,
1691,30,2,6,
1692,92,2,6,
1693,93,2,6,206700.0
1694,19,2,6,
1695,94,2,6,
1696,25,2,6,272025.0
1697,22,2,6,
1698,27,2,6,
1699,24,2,6,214500.0
1700,26,2,6,
1701,95,2,6,
1702,28,2,6,
1703,29,2,6,201825.0
1704,96,2,6,
1705,97,2,6,82875.0
1706,98,2,6,82875.0
1707,31,2,6,329550.0
1708,99,2,6,305175.0
1709,100,2,6,305175.0
1710,101,2,6,329550.0
1711,102,2,6,82875.0
1712,103,2,6,325017.0
1713,104,2,6,329550.0
1714,105,2,6,329550.0
1715,106,2,6,164775.0
1716,107,2,6,338325.0
1717,108,2,6,329550.0
1718,109,2,6,321750.0
1719,110,2,6,338325.0
1720,111,2,6,342225.0
1721,112,2,6,329550.0
1722,113,2,6,82875.0
1723,114,2,6,329550.0
1724,115,2,6,329550.0
1725,116,2,6,329550.0
1726,117,2,6,338325.0
1727,118,2,6,371475.0
1728,119,2,6,338325.0
1729,120,2,6,371475.0
1730,121,2,6,362700.0
1731,122,2,6,329550.0
1732,123,2,6,371475.0
1733,124,2,6,371475.0
1734,125,2,6,412425.0
1735,126,2,6,329550.0
1736,127,2,6,329550.0
1737,128,2,6,329550.0
1738,129,2,6,
1739,130,2,6,329550.0
1740,131,2,6,321750.0
1741,132,2,6,329550.0
1742,133,2,6,375834.0
1743,70,3,6,
1744,72,3,6,
1745,7,3,6,
1746,73,3,6,1061250.0
1747,76,3,6,
1748,77,3,6,
1749,13,3,6,
1750,11,3,6,982500.0
1751,80,3,6,1031250.0
1752,12,3,6,
1753,78,3,6,
1754,81,3,6,
1755,79,3,6,888750.0
1756,15,3,6,
1757,83,3,6,
1758,87,3,6,
1759,18,3,6,
1760,86,3,6,1008750.0
1761,93,3,6,855000.0
1762,17,3,6,
1763,94,3,6,
1764,23,3,6,
1765,90,3,6,1125000.0
1766,92,3,6,
1767,82,3,6,952500.0
1768,30,3,6,
1769,25,3,6,1061250.0
1770,24,3,6,855000.0
1771,27,3,6,
1772,19,3,6,
1773,28,3,6,
1774,89,3,6,
1775,26,3,6,
1776,22,3,6,
1777,95,3,6,
1778,29,3,6,731250.0
1779,98,3,6,318750.0
1780,102,3,6,318750.0
1781,125,3,6,1743750.0
1782,113,3,6,318750.0
1783,104,3,6,1046250.0
1784,134,3,6,1395000.0
1785,118,3,6,1395000.0
1786,119,3,6,1267500.0
1787,135,3,6,1586250.0
1788,128,3,6,1237500.0
1789,122,3,6,1203750.0
1790,136,3,6,1331250.0
1791,124,3,6,1365000.0
1792,137,3,6,1522500.0
1793,131,3,6,1173750.0
1794,121,3,6,1301250.0
1795,138,3,6,1301250.0
1796,139,3,6,1301250.0
1797,140,3,6,1301250.0
1798,110,3,6,1016250.0
1799,130,3,6,1173750.0
1800,141,3,6,1301250.0
1801,142,3,6,1301250.0
1802,143,3,6,1301250.0
1803,144,3,6,1267500.0
1804,145,3,6,1267500.0
1805,146,3,6,1458750.0
1806,147,3,6,1267500.0
1807,148,3,6,1267500.0
1808,149,3,6,1301250.0
1809,150,3,6,1267500.0
1810,151,3,6,1301250.0
1811,152,3,6,1267500.0
1812,153,3,6,1458750.0
1813,154,3,6,1267500.0
1814,155,3,6,1267500.0
1815,156,3,6,1267500.0
1816,157,3,6,1267500.0
1817,158,3,6,1301250.0
1818,159,3,6,1252500.0
1819,114,3,6,982500.0
1820,160,3,6,1331250.0
1821,161,3,6,
1822,162,3,6,1237500.0
1823,163,3,6,1237500.0
1824,7,4,6,
1825,73,4,6,2397600.0
1826,76,4,6,
1827,77,4,6,
1828,11,4,6,2256075.0
1829,13,4,6,
1830,80,4,6,2355975.0
1831,81,4,6,
1832,78,4,6,
1833,15,4,6,
1834,79,4,6,1973025.0
1835,94,4,6,
1836,93,4,6,1973025.0
1837,87,4,6,
1838,83,4,6,
1839,18,4,6,
1840,82,4,6,2322675.0
1841,86,4,6,2256075.0
1842,23,4,6,
1843,17,4,6,
1844,90,4,6,2497500.0
1845,92,4,6,
1846,30,4,6,
1847,25,4,6,2397600.0
1848,24,4,6,1973025.0
1849,27,4,6,
1850,28,4,6,
1851,19,4,6,
1852,89,4,6,
1853,26,4,6,
1854,22,4,6,
1855,95,4,6,
1856,29,4,6,1640025.0
1857,98,4,6,707625.0
1858,125,4,6,3871125.0
1859,104,4,6,2114550.0
1860,164,4,6,3521475.0
1861,128,4,6,2747250.0
1862,118,4,6,3030300.0
1863,119,4,6,2747250.0
1864,122,4,6,2672325.0
1865,137,4,6,3379950.0
1866,141,4,6,2955375.0
1867,143,4,6,2955375.0
1868,149,4,6,2955375.0
1869,153,4,6,3313350.0
1870,139,4,6,2888775.0
1871,140,4,6,2888775.0
1872,110,4,6,2256075.0
1873,165,4,6,2955375.0
1874,142,4,6,2888775.0
1875,121,4,6,2813850.0
1876,162,4,6,2813850.0
1877,144,4,6,2813850.0
1878,163,4,6,2813850.0
1879,146,4,6,3238425.0
1880,147,4,6,2813850.0
1881,136,4,6,2813850.0
1882,166,4,6,2813850.0
1883,138,4,6,2813850.0
1884,124,4,6,2888775.0
1885,150,4,6,2813850.0
1886,152,4,6,2813850.0
1887,167,4,6,3238425.0
1888,155,4,6,2813850.0
1889,156,4,6,2813850.0
1890,157,4,6,2813850.0
1891,131,4,6,2464200.0
1892,158,4,6,2888775.0
1893,168,4,6,3238425.0
1894,159,4,6,2780550.0
1895,45,4,6,
1896,47,4,6,
1897,160,4,6,2955375.0
1898,161,4,6,
1899,169,4,6,2813850.0
1900,170,4,6,2813850.0
1901,171,4,6,3171825.0
1902,172,4,6,2747250.0
1903,1,1,7,
1904,2,1,7,59150.0
1905,3,1,7,
1906,4,1,7,
1907,5,1,7,
1908,6,1,7,
1909,7,1,7,
1910,8,1,7,
1911,9,1,7,
1912,10,1,7,
1913,11,1,7,85750.0
1914,12,1,7,
1915,13,1,7,
1916,14,1,7,
1917,15,1,7,
1918,16,1,7,
1919,17,1,7,
1920,18,1,7,
1921,19,1,7,
1922,20,1,7,79800.0
1923,21,1,7,
1924,22,1,7,
1925,23,1,7,
1926,24,1,7,74200.0
1927,25,1,7,88900.0
1928,26,1,7,
1929,27,1,7,
1930,28,1,7,
1931,29,1,7,74900.0
1932,30,1,7,
1933,31,1,7,88900.0
1934,32,1,7,
1935,33,1,7,177800.0
1936,34,1,7,177800.0
1937,35,1,7,177800.0
1938,36,1,7,148050.0
1939,37,1,7,142100.0
1940,38,1,7,
1941,39,1,7,133350.0
1942,40,1,7,133350.0
1943,41,1,7,124250.0
1944,42,1,7,124250.0
1945,43,1,7,118300.0
1946,44,1,7,121450.0
1947,45,1,7,
1948,46,1,7,118300.0
1949,47,1,7,
1950,48,1,7,118300.0
1951,49,1,7,118300.0
1952,50,1,7,118300.0
1953,51,1,7,118300.0
1954,52,1,7,118300.0
1955,53,1,7,118300.0
1956,54,1,7,118300.0
1957,55,1,7,118300.0
1958,56,1,7,118300.0
1959,57,1,7,118300.0
1960,58,1,7,118300.0
1961,59,1,7,118300.0
1962,60,1,7,118300.0
1963,61,1,7,118300.0
1964,62,1,7,
1965,63,1,7,118300.0
1966,64,1,7,
1967,65,1,7,118300.0
1968,66,1,7,118300.0
1969,67,1,7,118300.0
1970,68,1,7,118300.0
1971,69,2,7,
1972,70,2,7,
1973,71,2,7,
1974,72,2,7,
1975,5,2,7,
1976,7,2,7,
1977,6,2,7,
1978,73,2,7,362700.0
1979,8,2,7,
1980,74,2,7,308100.0
1981,75,2,7,
1982,76,2,7,
1983,16,2,7,
1984,13,2,7,
1985,77,2,7,
1986,11,2,7,330200.0
1987,78,2,7,
1988,79,2,7,308100.0
1989,80,2,7,345800.0
1990,12,2,7,
1991,81,2,7,
1992,15,2,7,
1993,82,2,7,384800.0
1994,83,2,7,
1995,84,2,7,
1996,85,2,7,406900.0
1997,86,2,7,364000.0
1998,87,2,7,
1999,88,2,7,362700.0
2000,18,2,7,
2001,23,2,7,
2002,20,2,7,308100.0
2003,17,2,7,
2004,89,2,7,
2005,21,2,7,
2006,90,2,7,379600.0
2007,91,2,7,
2008,30,2,7,
2009,92,2,7,
2010,93,2,7,275600.0
2011,19,2,7,
2012,94,2,7,
2013,25,2,7,362700.0
2014,22,2,7,
2015,27,2,7,
2016,24,2,7,286000.0
2017,26,2,7,
2018,95,2,7,
2019,28,2,7,
2020,29,2,7,269100.0
2021,96,2,7,
2022,97,2,7,110500.0
2023,98,2,7,110500.0
2024,31,2,7,439400.0
2025,99,2,7,406900.0
2026,100,2,7,406900.0
2027,101,2,7,439400.0
2028,102,2,7,110500.0
2029,103,2,7,433356.0
2030,104,2,7,439400.0
2031,105,2,7,439400.0
2032,106,2,7,219700.0
2033,107,2,7,451100.0
2034,108,2,7,439400.0
2035,109,2,7,429000.0
2036,110,2,7,451100.0
2037,111,2,7,456300.0
2038,112,2,7,439400.0
2039,113,2,7,110500.0
2040,114,2,7,439400.0
2041,115,2,7,439400.0
2042,116,2,7,439400.0
2043,117,2,7,451100.0
2044,118,2,7,495300.0
2045,119,2,7,451100.0
2046,120,2,7,495300.0
2047,121,2,7,483600.0
2048,122,2,7,439400.0
2049,123,2,7,495300.0
2050,124,2,7,495300.0
2051,125,2,7,549900.0
2052,126,2,7,439400.0
2053,127,2,7,439400.0
2054,128,2,7,439400.0
2055,129,2,7,
2056,130,2,7,439400.0
2057,131,2,7,429000.0
2058,132,2,7,439400.0
2059,133,2,7,501112.0
2060,70,3,7,
2061,72,3,7,
2062,7,3,7,
2063,73,3,7,1415000.0
2064,76,3,7,
2065,77,3,7,
2066,13,3,7,
2067,11,3,7,1310000.0
2068,80,3,7,1375000.0
2069,12,3,7,
2070,78,3,7,
2071,81,3,7,
2072,79,3,7,1185000.0
2073,15,3,7,
2074,83,3,7,
2075,87,3,7,
2076,18,3,7,
2077,86,3,7,1345000.0
2078,93,3,7,1140000.0
2079,17,3,7,
2080,94,3,7,
2081,23,3,7,
2082,90,3,7,1500000.0
2083,92,3,7,
2084,82,3,7,1270000.0
2085,30,3,7,
2086,25,3,7,1415000.0
2087,24,3,7,1140000.0
2088,27,3,7,
2089,19,3,7,
2090,28,3,7,
2091,89,3,7,
2092,26,3,7,
2093,22,3,7,
2094,95,3,7,
2095,29,3,7,975000.0
2096,98,3,7,425000.0
2097,102,3,7,425000.0
2098,125,3,7,2325000.0
2099,113,3,7,425000.0
2100,104,3,7,1395000.0
2101,134,3,7,1860000.0
2102,118,3,7,1860000.0
2103,119,3,7,1690000.0
2104,135,3,7,2115000.0
2105,128,3,7,1650000.0
2106,122,3,7,1605000.0
2107,136,3,7,1775000.0
2108,124,3,7,1820000.0
2109,137,3,7,2030000.0
2110,131,3,7,1565000.0
2111,121,3,7,1735000.0
2112,138,3,7,1735000.0
2113,139,3,7,1735000.0
2114,140,3,7,1735000.0
2115,110,3,7,1355000.0
2116,130,3,7,1565000.0
2117,141,3,7,1735000.0
2118,142,3,7,1735000.0
2119,143,3,7,1735000.0
2120,144,3,7,1690000.0
2121,145,3,7,1690000.0
2122,146,3,7,1945000.0
2123,147,3,7,1690000.0
2124,148,3,7,1690000.0
2125,149,3,7,1735000.0
2126,150,3,7,1690000.0
2127,151,3,7,1735000.0
2128,152,3,7,1690000.0
2129,153,3,7,1945000.0
2130,154,3,7,1690000.0
2131,155,3,7,1690000.0
2132,156,3,7,1690000.0
2133,157,3,7,1690000.0
2134,158,3,7,1735000.0
2135,159,3,7,1670000.0
2136,114,3,7,1310000.0
2137,160,3,7,1775000.0
2138,161,3,7,
2139,162,3,7,1650000.0
2140,163,3,7,1650000.0
2141,7,4,7,
2142,73,4,7,3196800.0
2143,76,4,7,
2144,77,4,7,
2145,11,4,7,3008100.0
2146,13,4,7,
2147,80,4,7,3141300.0
2148,81,4,7,
2149,78,4,7,
2150,15,4,7,
2151,79,4,7,2630700.0
2152,94,4,7,
2153,93,4,7,2630700.0
2154,87,4,7,
2155,83,4,7,
2156,18,4,7,
2157,82,4,7,3096900.0
2158,86,4,7,3008100.0
2159,23,4,7,
2160,17,4,7,
2161,90,4,7,3330000.0
2162,92,4,7,
2163,30,4,7,
2164,25,4,7,3196800.0
2165,24,4,7,2630700.0
2166,27,4,7,
2167,28,4,7,
2168,19,4,7,
2169,89,4,7,
2170,26,4,7,
2171,22,4,7,
2172,95,4,7,
2173,29,4,7,2186700.0
2174,98,4,7,943500.0
2175,125,4,7,5161500.0
2176,104,4,7,2819400.0
2177,164,4,7,4695300.0
2178,128,4,7,3663000.0
2179,118,4,7,4040400.0
2180,119,4,7,3663000.0
2181,122,4,7,3563100.0
2182,137,4,7,4506600.0
2183,141,4,7,3940500.0
2184,143,4,7,3940500.0
2185,149,4,7,3940500.0
2186,153,4,7,4417800.0
2187,139,4,7,3851700.0
2188,140,4,7,3851700.0
2189,110,4,7,3008100.0
2190,165,4,7,3940500.0
2191,142,4,7,3851700.0
2192,121,4,7,3751800.0
2193,162,4,7,3751800.0
2194,144,4,7,3751800.0
2195,163,4,7,3751800.0
2196,146,4,7,4317900.0
2197,147,4,7,3751800.0
2198,136,4,7,3751800.0
2199,166,4,7,3751800.0
2200,138,4,7,3751800.0
2201,124,4,7,3851700.0
2202,150,4,7,3751800.0
2203,152,4,7,3751800.0
2204,167,4,7,4317900.0
2205,155,4,7,3751800.0
2206,156,4,7,3751800.0
2207,157,4,7,3751800.0
2208,131,4,7,3285600.0
2209,158,4,7,3851700.0
2210,168,4,7,4317900.0
2211,159,4,7,3707400.0
2212,45,4,7,
2213,47,4,7,
2214,160,4,7,3940500.0
2215,161,4,7,
2216,169,4,7,3751800.0
2217,170,4,7,3751800.0
2218,171,4,7,4229100.0
2219,172,4,7,3663000.0
2220,1,1,8,
2221,2,1,8,88725.0
2222,3,1,8,
2223,4,1,8,
2224,5,1,8,
2225,6,1,8,
2226,7,1,8,
2227,8,1,8,
2228,9,1,8,
2229,10,1,8,
2230,11,1,8,128625.0
2231,12,1,8,
2232,13,1,8,
2233,14,1,8,
2234,15,1,8,
2235,16,1,8,
2236,17,1,8,
2237,18,1,8,
2238,19,1,8,
2239,20,1,8,119700.0
2240,21,1,8,
2241,22,1,8,
2242,23,1,8,
2243,24,1,8,111300.0
2244,25,1,8,133350.0
2245,26,1,8,
2246,27,1,8,
2247,28,1,8,
2248,29,1,8,112350.0
2249,30,1,8,
2250,31,1,8,133350.0
2251,32,1,8,
2252,33,1,8,266700.0
2253,34,1,8,266700.0
2254,35,1,8,266700.0
2255,36,1,8,222075.0
2256,37,1,8,213150.0
2257,38,1,8,
2258,39,1,8,200025.0
2259,40,1,8,200025.0
2260,41,1,8,186375.0
2261,42,1,8,186375.0
2262,43,1,8,177450.0
2263,44,1,8,182175.0
2264,45,1,8,
2265,46,1,8,177450.0
2266,47,1,8,
2267,48,1,8,177450.0
2268,49,1,8,177450.0
2269,50,1,8,177450.0
2270,51,1,8,177450.0
2271,52,1,8,177450.0
2272,53,1,8,177450.0
2273,54,1,8,177450.0
2274,55,1,8,177450.0
2275,56,1,8,177450.0
2276,57,1,8,177450.0
2277,58,1,8,177450.0
2278,59,1,8,177450.0
2279,60,1,8,177450.0
2280,61,1,8,177450.0
2281,62,1,8,
2282,63,1,8,177450.0
2283,64,1,8,
2284,65,1,8,177450.0
2285,66,1,8,177450.0
2286,67,1,8,177450.0
2287,68,1,8,177450.0
2288,69,2,8,
2289,70,2,8,
2290,71,2,8,
2291,72,2,8,
2292,5,2,8,
2293,7,2,8,
2294,6,2,8,
2295,73,2,8,544050.0
2296,8,2,8,
2297,74,2,8,462150.0
2298,75,2,8,
2299,76,2,8,
2300,16,2,8,
2301,13,2,8,
2302,77,2,8,
2303,11,2,8,495300.0
2304,78,2,8,
2305,79,2,8,462150.0
2306,80,2,8,518700.0
2307,12,2,8,
2308,81,2,8,
2309,15,2,8,
2310,82,2,8,577200.0
2311,83,2,8,
2312,84,2,8,
2313,85,2,8,610350.0
2314,86,2,8,546000.0
2315,87,2,8,
2316,88,2,8,544050.0
2317,18,2,8,
2318,23,2,8,
2319,20,2,8,462150.0
2320,17,2,8,
2321,89,2,8,
2322,21,2,8,
2323,90,2,8,569400.0
2324,91,2,8,
2325,30,2,8,
2326,92,2,8,
2327,93,2,8,413400.0
2328,19,2,8,
2329,94,2,8,
2330,25,2,8,544050.0
2331,22,2,8,
2332,27,2,8,
2333,24,2,8,429000.0
2334,26,2,8,
2335,95,2,8,
2336,28,2,8,
2337,29,2,8,403650.0
2338,96,2,8,
2339,97,2,8,165750.0
2340,98,2,8,165750.0
2341,31,2,8,659100.0
2342,99,2,8,610350.0
2343,100,2,8,610350.0
2344,101,2,8,659100.0
2345,102,2,8,165750.0
2346,103,2,8,650033.0
2347,104,2,8,659100.0
2348,105,2,8,659100.0
2349,106,2,8,329550.0
2350,107,2,8,676650.0
2351,108,2,8,659100.0
2352,109,2,8,643500.0
2353,110,2,8,676650.0
2354,111,2,8,684450.0
2355,112,2,8,659100.0
2356,113,2,8,165750.0
2357,114,2,8,659100.0
2358,115,2,8,659100.0
2359,116,2,8,659100.0
2360,117,2,8,676650.0
2361,118,2,8,742950.0
2362,119,2,8,676650.0
2363,120,2,8,742950.0
2364,121,2,8,725400.0
2365,122,2,8,659100.0
2366,123,2,8,742950.0
2367,124,2,8,742950.0
2368,125,2,8,824850.0
2369,126,2,8,659100.0
2370,127,2,8,659100.0
2371,128,2,8,659100.0
2372,129,2,8,
2373,130,2,8,659100.0
2374,131,2,8,643500.0
2375,132,2,8,659100.0
2376,133,2,8,751668.0
2377,70,3,8,
2378,72,3,8,
2379,7,3,8,
2380,73,3,8,2122500.0
2381,76,3,8,
2382,77,3,8,
2383,13,3,8,
2384,11,3,8,1965000.0
2385,80,3,8,2062500.0
2386,12,3,8,
2387,78,3,8,
2388,81,3,8,
2389,79,3,8,1777500.0
2390,15,3,8,
2391,83,3,8,
2392,87,3,8,
2393,18,3,8,
2394,86,3,8,2017500.0
2395,93,3,8,1710000.0
2396,17,3,8,
2397,94,3,8,
2398,23,3,8,
2399,90,3,8,2250000.0
2400,92,3,8,
2401,82,3,8,1905000.0
2402,30,3,8,
2403,25,3,8,2122500.0
2404,24,3,8,1710000.0
2405,27,3,8,
2406,19,3,8,
2407,28,3,8,
2408,89,3,8,
2409,26,3,8,
2410,22,3,8,
2411,95,3,8,
2412,29,3,8,1462500.0
2413,98,3,8,637500.0
2414,102,3,8,637500.0
2415,125,3,8,3487500.0
2416,113,3,8,637500.0
2417,104,3,8,2092500.0
2418,134,3,8,2790000.0
2419,118,3,8,2790000.0
2420,119,3,8,2535000.0
2421,135,3,8,3172500.0
2422,128,3,8,2475000.0
2423,122,3,8,2407500.0
2424,136,3,8,2662500.0
2425,124,3,8,2730000.0
2426,137,3,8,3045000.0
2427,131,3,8,2347500.0
2428,121,3,8,2602500.0
2429,138,3,8,2602500.0
2430,139,3,8,2602500.0
2431,140,3,8,2602500.0
2432,110,3,8,2032500.0
2433,130,3,8,2347500.0
2434,141,3,8,2602500.0
2435,142,3,8,2602500.0
2436,143,3,8,2602500.0
2437,144,3,8,2535000.0
2438,145,3,8,2535000.0
2439,146,3,8,2917500.0
2440,147,3,8,2535000.0
2441,148,3,8,2535000.0
2442,149,3,8,2602500.0
2443,150,3,8,2535000.0
2444,151,3,8,2602500.0
2445,152,3,8,2535000.0
2446,153,3,8,2917500.0
2447,154,3,8,2535000.0
2448,155,3,8,2535000.0
2449,156,3,8,2535000.0
2450,157,3,8,2535000.0
2451,158,3,8,2602500.0
2452,159,3,8,2505000.0
2453,114,3,8,1965000.0
2454,160,3,8,2662500.0
2455,161,3,8,
2456,162,3,8,2475000.0
2457,163,3,8,2475000.0
2458,7,4,8,
2459,73,4,8,4795200.0
2460,76,4,8,
2461,77,4,8,
2462,11,4,8,4512150.0
2463,13,4,8,
2464,80,4,8,4711950.0
2465,81,4,8,
2466,78,4,8,
2467,15,4,8,
2468,79,4,8,3946050.0
2469,94,4,8,
2470,93,4,8,3946050.0
2471,87,4,8,
2472,83,4,8,
2473,18,4,8,
2474,82,4,8,4645350.0
2475,86,4,8,4512150.0
2476,23,4,8,
2477,17,4,8,
2478,90,4,8,4995000.0
2479,92,4,8,
2480,30,4,8,
2481,25,4,8,4795200.0
2482,24,4,8,3946050.0
2483,27,4,8,
2484,28,4,8,
2485,19,4,8,
2486,89,4,8,
2487,26,4,8,
2488,22,4,8,
2489,95,4,8,
2490,29,4,8,3280050.0
2491,98,4,8,1415250.0
2492,125,4,8,7742250.0
2493,104,4,8,4229100.0
2494,164,4,8,7042950.0
2495,128,4,8,5494500.0
2496,118,4,8,6060600.0
2497,119,4,8,5494500.0
2498,122,4,8,5344650.0
2499,137,4,8,6759900.0
2500,141,4,8,5910750.0
2501,143,4,8,5910750.0
2502,149,4,8,5910750.0
2503,153,4,8,6626700.0
2504,139,4,8,5777550.0
2505,140,4,8,5777550.0
2506,110,4,8,4512150.0
2507,165,4,8,5910750.0
2508,142,4,8,5777550.0
2509,121,4,8,5627700.0
2510,162,4,8,5627700.0
2511,144,4,8,5627700.0
2512,163,4,8,5627700.0
2513,146,4,8,6476850.0
2514,147,4,8,5627700.0
2515,136,4,8,5627700.0
2516,166,4,8,5627700.0
2517,138,4,8,5627700.0
2518,124,4,8,5777550.0
2519,150,4,8,5627700.0
2520,152,4,8,5627700.0
2521,167,4,8,6476850.0
2522,155,4,8,5627700.0
2523,156,4,8,5627700.0
2524,157,4,8,5627700.0
2525,131,4,8,4928400.0
2526,158,4,8,5777550.0
2527,168,4,8,6476850.0
2528,159,4,8,5561100.0
2529,45,4,8,
2530,47,4,8,
2531,160,4,8,5910750.0
2532,161,4,8,
2533,169,4,8,5627700.0
2534,170,4,8,5627700.0
2535,171,4,8,6343650.0
2536,172,4,8,5494500.0
2537,1,1,9,
2538,2,1,9,147875.0
2539,3,1,9,
2540,4,1,9,
2541,5,1,9,
2542,6,1,9,
2543,7,1,9,
2544,8,1,9,
2545,9,1,9,
2546,10,1,9,
2547,11,1,9,214375.0
2548,12,1,9,
2549,13,1,9,
2550,14,1,9,
2551,15,1,9,
2552,16,1,9,
2553,17,1,9,
2554,18,1,9,
2555,19,1,9,
2556,20,1,9,199500.0
2557,21,1,9,
2558,22,1,9,
2559,23,1,9,
2560,24,1,9,185500.0
2561,25,1,9,222250.0
2562,26,1,9,
2563,27,1,9,
2564,28,1,9,
2565,29,1,9,187250.0
2566,30,1,9,
2567,31,1,9,222250.0
2568,32,1,9,
2569,33,1,9,444500.0
2570,34,1,9,444500.0
2571,35,1,9,444500.0
2572,36,1,9,370125.0
2573,37,1,9,355250.0
2574,38,1,9,
2575,39,1,9,333375.0
2576,40,1,9,333375.0
2577,41,1,9,310625.0
2578,42,1,9,310625.0
2579,43,1,9,295750.0
2580,44,1,9,303625.0
2581,45,1,9,
2582,46,1,9,295750.0
2583,47,1,9,
2584,48,1,9,295750.0
2585,49,1,9,295750.0
2586,50,1,9,295750.0
2587,51,1,9,295750.0
2588,52,1,9,295750.0
2589,53,1,9,295750.0
2590,54,1,9,295750.0
2591,55,1,9,295750.0
2592,56,1,9,295750.0
2593,57,1,9,295750.0
2594,58,1,9,295750.0
2595,59,1,9,295750.0
2596,60,1,9,295750.0
2597,61,1,9,295750.0
2598,62,1,9,
2599,63,1,9,295750.0
2600,64,1,9,
2601,65,1,9,295750.0
2602,66,1,9,295750.0
2603,67,1,9,295750.0
2604,68,1,9,295750.0
2605,69,2,9,
2606,70,2,9,
2607,71,2,9,
2608,72,2,9,
2609,5,2,9,
2610,7,2,9,
2611,6,2,9,
2612,73,2,9,906750.0
2613,8,2,9,
2614,74,2,9,770250.0
2615,75,2,9,
2616,76,2,9,
2617,16,2,9,
2618,13,2,9,
2619,77,2,9,
2620,11,2,9,825500.0
2621,78,2,9,
2622,79,2,9,770250.0
2623,80,2,9,864500.0
2624,12,2,9,
2625,81,2,9,
2626,15,2,9,
2627,82,2,9,962000.0
2628,83,2,9,
2629,84,2,9,
2630,85,2,9,1017250.0
2631,86,2,9,910000.0
2632,87,2,9,
2633,88,2,9,906750.0
2634,18,2,9,
2635,23,2,9,
2636,20,2,9,770250.0
2637,17,2,9,
2638,89,2,9,
2639,21,2,9,
2640,90,2,9,949000.0
2641,91,2,9,
2642,30,2,9,
2643,92,2,9,
2644,93,2,9,689000.0
2645,19,2,9,
2646,94,2,9,
2647,25,2,9,906750.0
2648,22,2,9,
2649,27,2,9,
2650,24,2,9,715000.0
2651,26,2,9,
2652,95,2,9,
2653,28,2,9,
2654,29,2,9,672750.0
2655,96,2,9,
2656,97,2,9,276250.0
2657,98,2,9,276250.0
2658,31,2,9,1098500.0
2659,99,2,9,1017250.0
2660,100,2,9,1017250.0
2661,101,2,9,1098500.0
2662,102,2,9,276250.0
2663,103,2,9,1083389.0
2664,104,2,9,1098500.0
2665,105,2,9,1098500.0
2666,106,2,9,549250.0
2667,107,2,9,1127750.0
2668,108,2,9,1098500.0
2669,109,2,9,1072500.0
2670,110,2,9,1127750.0
2671,111,2,9,1140750.0
2672,112,2,9,1098500.0
2673,113,2,9,276250.0
2674,114,2,9,1098500.0
2675,115,2,9,1098500.0
2676,116,2,9,1098500.0
2677,117,2,9,1127750.0
2678,118,2,9,1238250.0
2679,119,2,9,1127750.0
2680,120,2,9,1238250.0
2681,121,2,9,1209000.0
2682,122,2,9,1098500.0
2683,123,2,9,1238250.0
2684,124,2,9,1238250.0
2685,125,2,9,1374750.0
2686,126,2,9,1098500.0
2687,127,2,9,1098500.0
2688,128,2,9,1098500.0
2689,129,2,9,
2690,130,2,9,1098500.0
2691,131,2,9,1072500.0
2692,132,2,9,1098500.0
2693,133,2,9,1252780.0
2694,70,3,9,
2695,72,3,9,
2696,7,3,9,
2697,73,3,9,3537500.0
2698,76,3,9,
2699,77,3,9,
2700,13,3,9,
2701,11,3,9,3275000.0
2702,80,3,9,3437500.0
2703,12,3,9,
2704,78,3,9,
2705,81,3,9,
2706,79,3,9,2962500.0
2707,15,3,9,
2708,83,3,9,
2709,87,3,9,
2710,18,3,9,
2711,86,3,9,3362500.0
2712,93,3,9,2850000.0
2713,17,3,9,
2714,94,3,9,
2715,23,3,9,
2716,90,3,9,3750000.0
2717,92,3,9,
2718,82,3,9,3175000.0
2719,30,3,9,
2720,25,3,9,3537500.0
2721,24,3,9,2850000.0
2722,27,3,9,
2723,19,3,9,
2724,28,3,9,
2725,89,3,9,
2726,26,3,9,
2727,22,3,9,
2728,95,3,9,
2729,29,3,9,2437500.0
2730,98,3,9,1062500.0
2731,102,3,9,1062500.0
2732,125,3,9,5812500.0
2733,113,3,9,1062500.0
2734,104,3,9,3487500.0
2735,134,3,9,4650000.0
2736,118,3,9,4650000.0
2737,119,3,9,4225000.0
2738,135,3,9,5287500.0
2739,128,3,9,4125000.0
2740,122,3,9,4012500.0
2741,136,3,9,4437500.0
2742,124,3,9,4550000.0
2743,137,3,9,5075000.0
2744,131,3,9,3912500.0
2745,121,3,9,4337500.0
2746,138,3,9,4337500.0
2747,139,3,9,4337500.0
2748,140,3,9,4337500.0
2749,110,3,9,3387500.0
2750,130,3,9,3912500.0
2751,141,3,9,4337500.0
2752,142,3,9,4337500.0
2753,143,3,9,4337500.0
2754,144,3,9,4225000.0
2755,145,3,9,4225000.0
2756,146,3,9,4862500.0
2757,147,3,9,4225000.0
2758,148,3,9,4225000.0
2759,149,3,9,4337500.0
2760,150,3,9,4225000.0
2761,151,3,9,4337500.0
2762,152,3,9,4225000.0
2763,153,3,9,4862500.0
2764,154,3,9,4225000.0
2765,155,3,9,4225000.0
2766,156,3,9,4225000.0
2767,157,3,9,4225000.0
2768,158,3,9,4337500.0
2769,159,3,9,4175000.0
2770,114,3,9,3275000.0
2771,160,3,9,4437500.0
2772,161,3,9,
2773,162,3,9,4125000.0
2774,163,3,9,4125000.0
2775,7,4,9,
2776,73,4,9,7992000.0
2777,76,4,9,
2778,77,4,9,
2779,11,4,9,7520250.0
2780,13,4,9,
2781,80,4,9,7853250.0
2782,81,4,9,
2783,78,4,9,
2784,15,4,9,
2785,79,4,9,6576750.0
2786,94,4,9,
2787,93,4,9,6576750.0
2788,87,4,9,
2789,83,4,9,
2790,18,4,9,
2791,82,4,9,7742250.0
2792,86,4,9,7520250.0
2793,23,4,9,
2794,17,4,9,
2795,90,4,9,8325000.0
2796,92,4,9,
2797,30,4,9,
2798,25,4,9,7992000.0
2799,24,4,9,6576750.0
2800,27,4,9,
2801,28,4,9,
2802,19,4,9,
2803,89,4,9,
2804,26,4,9,
2805,22,4,9,
2806,95,4,9,
2807,29,4,9,5466750.0
2808,98,4,9,2358750.0
2809,125,4,9,12903750.0
2810,104,4,9,7048500.0
2811,164,4,9,11738250.0
2812,128,4,9,9157500.0
2813,118,4,9,10101000.0
2814,119,4,9,9157500.0
2815,122,4,9,8907750.0
2816,137,4,9,11266500.0
2817,141,4,9,9851250.0
2818,143,4,9,9851250.0
2819,149,4,9,9851250.0
2820,153,4,9,11044500.0
2821,139,4,9,9629250.0
2822,140,4,9,9629250.0
2823,110,4,9,7520250.0
2824,165,4,9,9851250.0
2825,142,4,9,9629250.0
2826,121,4,9,9379500.0
2827,162,4,9,9379500.0
2828,144,4,9,9379500.0
2829,163,4,9,9379500.0
2830,146,4,9,10794750.0
2831,147,4,9,9379500.0
2832,136,4,9,9379500.0
2833,166,4,9,9379500.0
2834,138,4,9,9379500.0
2835,124,4,9,9629250.0
2836,150,4,9,9379500.0
2837,152,4,9,9379500.0
2838,167,4,9,10794750.0
2839,155,4,9,9379500.0
2840,156,4,9,9379500.0
2841,157,4,9,9379500.0
2842,131,4,9,8214000.0
2843,158,4,9,9629250.0
2844,168,4,9,10794750.0
2845,159,4,9,9268500.0
2846,45,4,9,
2847,47,4,9,
2848,160,4,9,9851250.0
2849,161,4,9,
2850,169,4,9,9379500.0
2851,170,4,9,9379500.0
2852,171,4,9,10572750.0
2853,172,4,9,9157500.0
